id_producto,marca,modelo,precio,descuento,descripcion,stock,ventas,tipo
1,Intel,Core i7,249.99,0.0,Procesador de 8ª generación,60,30,procesador
2,AMD,Ryzen 5,149.99,0.0,Procesador de 6ª generación,45,20,procesador
3,Intel,Core i3,119.99,0.0,Procesador de 10ª generación,80,50,procesador
4,AMD,Ryzen 7,299.99,0.0,Procesador de 4ª generación,40,15,procesador
5,AMD,Ryzen 5,149.99,0.0,Procesador de 4ª generación,55,25,procesador
6,Intel,Core i5,199.99,0.0,Procesador de 9ª generación,70,40,procesador
7,Intel,Pentium,69.99,0.0,Procesador de gama económica,100,60,procesador
8,Intel,Core i5,199.99,0.0,Procesador de 9ª generación,65,35,procesador
9,AMD,Ryzen 9,399.99,0.0,Procesador de 5ª generación,50,30,procesador
10,Intel,Celeron,79.99,0.0,Procesador de gama económica,90,70,procesador
11,Intel,Core i3,119.99,0.0,Procesador de 10ª generación,75,45,procesador
12,Intel,Core i9,349.99,0.0,Procesador de 10ª generación,55,25,procesador
13,AMD,Ryzen 7,299.99,0.0,Procesador de 5ª generación,60,40,procesador
14,Intel,Core i7,249.99,0.0,Procesador de 8ª generación,70,50,procesador
15,AMD,Ryzen 3,99.99,0.0,Procesador de 4ª generación,80,55,procesador
101,"WD","Blue 1TB HDD",49.99,0.0,"Disco duro de 1TB, tecnología HDD",100,55,disco_duro
102,"Samsung","EVO 500GB SSD",89.99,10.0,"Disco SSD de 500GB, tecnología SSD",150,75,disco_duro
103,"Seagate","Barracuda 2TB HDD",69.99,0.0,"Disco duro de 2TB, tecnología HDD",80,45,disco_duro
104,"Samsung","970 EVO 1TB M.2 SSD",129.99,15.0,"Disco SSD M.2 de 1TB, tecnología M.2",60,30,disco_duro
105,"Crucial","BX500 1TB SSD",79.99,5.0,"Disco SSD de 1TB, tecnología SSD",120,60,disco_duro
106,"Seagate","FireCuda 500GB HDD",59.99,0.0,"Disco duro de 500GB, tecnología HDD",90,40,disco_duro
107,"WD","Black 1TB HDD",54.99,0.0,"Disco duro de 1TB, tecnología HDD",110,50,disco_duro
108,"SanDisk","Ultra 250GB SSD",69.99,0.0,"Disco SSD de 250GB, tecnología SSD",180,90,disco_duro
109,"Kingston","A2000 500GB SSD",74.99,0.0,"Disco SSD de 500GB, tecnología SSD",140,70,disco_duro
110,"Seagate","BarraCuda 2TB HDD",79.99,0.0,"Disco duro de 2TB, tecnología HDD",75,35,disco_duro
111,"WD","Blue 1TB HDD",49.99,0.0,"Disco duro de 1TB, tecnología HDD",95,45,disco_duro
112,"Crucial","BX500 250GB SSD",64.99,0.0,"Disco SSD de 250GB, tecnología SSD",130,65,disco_duro
113,"Samsung","970 EVO 1TB M.2 SSD",129.99,0.0,"Disco SSD M.2 de 1TB, tecnología M.2",70,35,disco_duro
114,"SanDisk","Ultra 500GB SSD",84.99,0.0,"Disco SSD de 500GB, tecnología SSD",160,80,disco_duro
115,"WD","Green 500GB HDD",54.99,0.0,"Disco duro de 500GB, tecnología HDD",100,50,disco_duro
201,NVIDIA,GeForce GTX 1660,279.99,0.0,Tarjeta gráfica de NVIDIA con 8GB GDDR5,60,25,grafica
202,AMD,Radeon RX 570,249.99,0.0,Tarjeta gráfica de AMD con 4GB GDDR5,45,15,grafica
203,NVIDIA,GeForce RTX 3060 Ti,379.99,0.0,Tarjeta gráfica de NVIDIA con 12GB GDDR6,30,40,grafica
204,NVIDIA,GeForce GTX 1660 Super,289.99,0.0,Tarjeta gráfica de NVIDIA con 6GB GDDR5,50,20,grafica
205,AMD,Radeon RX 580,259.99,0.0,Tarjeta gráfica de AMD con 8GB GDDR5,40,30,grafica
206,AMD,Radeon RX 5500 XT,269.99,0.0,Tarjeta gráfica de AMD con 6GB GDDR6,55,35,grafica
207,NVIDIA,GeForce RTX 3080,499.99,0.0,Tarjeta gráfica de NVIDIA con 16GB GDDR6X,20,10,grafica
208,AMD,Radeon RX 560,239.99,0.0,Tarjeta gráfica de AMD con 4GB GDDR5,35,5,grafica
209,NVIDIA,GeForce RTX 3070,399.99,0.0,Tarjeta gráfica de NVIDIA con 10GB GDDR6,70,60,grafica
210,AMD,Radeon RX 590,279.99,0.0,Tarjeta gráfica de AMD con 8GB GDDR5,30,10,grafica
211,NVIDIA,GeForce RTX 3060,349.99,0.0,Tarjeta gráfica de NVIDIA con 12GB GDDR6,25,45,grafica
212,AMD,Radeon RX 5300,229.99,0.0,Tarjeta gráfica de AMD con 4GB GDDR5,60,30,grafica
213,NVIDIA,GeForce GTX 1650,249.99,0.0,Tarjeta gráfica de NVIDIA con 8GB GDDR5,40,20,grafica
214,AMD,Radeon RX 550,219.99,0.0,Tarjeta gráfica de AMD con 6GB GDDR5,50,15,grafica
215,NVIDIA,GeForce RTX 3090,599.99,0.0,Tarjeta gráfica de NVIDIA con 16GB GDDR6X,15,5,grafica
301,DDR4,Crucial Ballistix 16GB DDR4,119.99,0.0,Módulo de memoria RAM DDR4 de 16GB,80,45,ram
302,DDR4,Corsair Vengeance LPX 32GB DDR4,199.99,0.0,Módulo de memoria RAM DDR4 de 32GB,60,25,ram
303,DDR3,Kingston HyperX 8GB DDR3,79.99,0.0,Módulo de memoria RAM DDR3 de 8GB,40,15,ram
304,DDR4,G.Skill Ripjaws V 32GB DDR4,209.99,0.0,Módulo de memoria RAM DDR4 de 32GB,70,35,ram
305,DDR4,Crucial Ballistix 16GB DDR4,119.99,0.0,Módulo de memoria RAM DDR4 de 16GB,85,40,ram
306,DDR4,Corsair Vengeance LPX 32GB DDR4,199.99,0.0,Módulo de memoria RAM DDR4 de 32GB,55,30,ram
307,DDR3,Kingston HyperX 8GB DDR3,79.99,0.0,Módulo de memoria RAM DDR3 de 8GB,38,18,ram
308,DDR4,G.Skill Ripjaws V 32GB DDR4,209.99,0.0,Módulo de memoria RAM DDR4 de 32GB,75,28,ram
309,DDR4,Crucial Ballistix 16GB DDR4,119.99,0.0,Módulo de memoria RAM DDR4 de 16GB,78,42,ram
310,DDR3,Kingston HyperX 8GB DDR3,79.99,0.0,Módulo de memoria RAM DDR3 de 8GB,42,20,ram
311,DDR4,G.Skill Ripjaws V 32GB DDR4,209.99,0.0,Módulo de memoria RAM DDR4 de 32GB,58,32,ram
312,DDR4,Crucial Ballistix 16GB DDR4,119.99,0.0,Módulo de memoria RAM DDR4 de 16GB,72,38,ram
313,DDR4,Corsair Vengeance LPX 32GB DDR4,199.99,0.0,Módulo de memoria RAM DDR4 de 32GB,63,26,ram
314,DDR4,G.Skill Ripjaws V 32GB DDR4,209.99,0.0,Módulo de memoria RAM DDR4 de 32GB,68,30,ram
315,DDR3,Kingston HyperX 8GB DDR3,79.99,0.0,Módulo de memoria RAM DDR3 de 8GB,36,15,ram
401,Corsair,H100i RGB Platinum,124.99,0.0,"Refrigeración líquida para CPU, 240mm",95,45,ventilador
402,Cooler Master,Hyper 212 EVO,39.99,0.0,Disipador de aire para CPU,110,75,ventilador
403,Noctua,NH-D15,89.99,0.0,"Disipador de aire para CPU, doble torre",70,38,ventilador
404,NZXT,Kraken X63,149.99,0.0,"Refrigeración líquida para CPU, 280mm",80,40,ventilador
405,be quiet!,Dark Rock Pro 4,84.99,0.0,"Disipador de aire para CPU, doble torre",65,30,ventilador
406,Corsair,H115i RGB Platinum,139.99,0.0,"Refrigeración líquida para CPU, 280mm",75,32,ventilador
407,Cooler Master,Hyper 212 RGB,49.99,0.0,Disipador de aire para CPU,105,70,ventilador
408,Noctua,NH-D15S,79.99,0.0,"Disipador de aire para CPU, doble torre",68,35,ventilador
409,NZXT,Kraken Z73,179.99,0.0,"Refrigeración líquida para CPU, 360mm",90,50,ventilador
410,be quiet!,Dark Rock 4,69.99,0.0,Disipador de aire para CPU,115,60,ventilador
411,Corsair,H150i Elite Capellix,179.99,0.0,"Refrigeración líquida para CPU, 360mm",88,47,ventilador
412,NZXT,Kraken Z53,159.99,0.0,"Refrigeración líquida para CPU, 240mm",78,42,ventilador
413,Cooler Master,Hyper 212 Black Edition,44.99,0.0,Disipador de aire para CPU,120,68,ventilador
414,be quiet!,Dark Rock Slim,64.99,0.0,Disipador de aire para CPU,100,55,ventilador
415,Corsair,iCUE H100i Elite Capellix,119.99,0.0,"Refrigeración líquida para CPU, 240mm",92,52,ventilador
501,NZXT,H510i,99.99,0.0,"Caja ATX para PC, color negro",90,40,caja_torre
502,Corsair,Carbide Series 275R,59.99,0.0,"Caja Micro ATX para PC, color blanco",80,35,caja_torre
503,Fractal Design,Meshify C,79.99,0.0,"Caja ATX para PC, color negro",85,42,caja_torre
504,Thermaltake,Core V1,49.99,0.0,"Caja Mini ITX para PC, color negro",75,30,caja_torre
505,NZXT,H510,89.99,0.0,"Caja Micro ATX para PC, color negro",78,38,caja_torre
506,Cooler Master,MasterBox MB511,69.99,0.0,"Caja ATX para PC, color negro",82,36,caja_torre
507,Fractal Design,Define Nano S,74.99,0.0,"Caja Mini ITX para PC, color negro",77,33,caja_torre
508,Phanteks,Enthoo Pro M,89.99,0.0,"Caja ATX para PC, color blanco",95,46,caja_torre
509,NZXT,H710,119.99,0.0,"Caja ATX para PC, color blanco",88,41,caja_torre
510,NZXT,H510 Elite,129.99,0.0,"Caja ATX para PC, color negro",96,48,caja_torre
511,Corsair,275Q,74.99,0.0,"Caja Micro ATX para PC, color negro",84,37,caja_torre
512,Fractal Design,Node 202,79.99,0.0,"Caja Mini ITX para PC, color negro",76,32,caja_torre
513,Cooler Master,MasterCase H500P,99.99,0.0,"Caja ATX para PC, color blanco",94,45,caja_torre
514,Phanteks,Eclipse P400S,84.99,0.0,"Caja ATX para PC, color negro",81,34,caja_torre
515,Fractal Design,Define R6,109.99,0.0,"Caja Micro ATX para PC, color negro",87,39,caja_torre
601,EVGA,750W Gold,99.99,0.0,"Fuente de alimentación de 750W, certificación Gold",90,40,fuente_alimentacion
602,Corsair,RM550,79.99,0.0,"Fuente de alimentación de 550W, certificación Gold",80,35,fuente_alimentacion
603,Cooler Master,MWE 450,49.99,0.0,Fuente de alimentación de 450W,85,42,fuente_alimentacion
604,Thermaltake,Smart 650W,69.99,0.0,Fuente de alimentación de 650W,75,30,fuente_alimentacion
605,Corsair,VS550,59.99,0.0,Fuente de alimentación de 550W,78,38,fuente_alimentacion
606,EVGA,750W Bronze,84.99,0.0,"Fuente de alimentación de 750W, certificación Bronze",82,36,fuente_alimentacion
607,Cooler Master,MWE 450 Bronze,49.99,0.0,"Fuente de alimentación de 450W, certificación Bronze",77,33,fuente_alimentacion
608,Thermaltake,Smart 600W,64.99,0.0,Fuente de alimentación de 600W,95,46,fuente_alimentacion
609,Corsair,CX750,89.99,0.0,Fuente de alimentación de 750W,88,41,fuente_alimentacion
610,EVGA,500W White,54.99,0.0,Fuente de alimentación de 500W,96,48,fuente_alimentacion
611,Cooler Master,MWE 700,79.99,0.0,Fuente de alimentación de 700W,84,37,fuente_alimentacion
612,Thermaltake,Toughpower 550W,69.99,0.0,Fuente de alimentación de 550W,76,32,fuente_alimentacion
613,Corsair,TX750,94.99,0.0,Fuente de alimentación de 750W,94,45,fuente_alimentacion
614,EVGA,600W Bronze,79.99,0.0,"Fuente de alimentación de 600W, certificación Bronze",81,34,fuente_alimentacion
615,Cooler Master,MasterWatt 700,89.99,0.0,Fuente de alimentación de 700W,87,39,fuente_alimentacion
701,ASUS,ROG CROSSHAIR VIII HERO,349.99,0.0,Placa base X570 con 3 ranuras M.2,70,31,placa_base
702,MSI,MAG B550 TOMAHAWK,149.99,0.0,Placa base B550 con soporte para M.2,78,34,placa_base
703,ASRock,H410M-HVS,79.99,0.0,Placa base H410,93,43,placa_base
704,GIGABYTE,Z590I AORUS ULTRA,189.99,0.0,Placa base Z590 con 2 ranuras M.2,66,29,placa_base
705,ASUS,TUF GAMING B550M-PLUS,129.99,0.0,Placa base B550 con soporte para M.2,85,37,placa_base
706,MSI,B450M PRO-VDH MAX,89.99,0.0,Placa base B450 con soporte para M.2,98,45,placa_base
707,ASRock,Z590 Steel Legend,199.99,0.0,Placa base Z590 con soporte para M.2,68,30,placa_base
708,GIGABYTE,H410M S2P,69.99,0.0,Placa base H410,97,44,placa_base
709,ASUS,PRIME X470-PRO,159.99,0.0,Placa base X470 con soporte para M.2,72,35,placa_base
710,ASUS,TUF GAMING H470M-PRO,139.99,0.0,Placa base H470 con soporte para M.2,90,38,placa_base
711,GIGABYTE,B750 AORUS ELITE,189.99,0.0,Placa base B750 con 3 ranuras M.2,76,33,placa_base
712,ASRock,Z490 Pro4,129.99,0.0,Placa base Z490 con soporte para M.2,84,41,placa_base
713,ASUS,PRIME A520M-A,79.99,0.0,Placa base A520 con soporte para M.2,102,49,placa_base
714,MSI,MEG X399 CREATION,299.99,0.0,Placa base X399 con 2 ranuras M.2,64,27,placa_base
715,ASUS,PRIME B450-PLUS,99.99,0.0,Placa base B450,86,36,placa_base