id_producto,TipoDisipador,NivelRuidoDBA
401,Refrigeración Líquida,25.0
402,Disipador de Aire,20.5
403,Disipador de Aire,18.0
404,Refrigeración Líquida,22.5
405,Disipador de Aire,17.0
406,Refrigeración Líquida,23.0
407,Disipador de Aire,19.5
408,Disipador de Aire,18.0
409,Refrigeración Líquida,21.5
410,Disipador de Aire,20.0
411,Refrigeración Líquida,22.0
412,Refrigeración Líquida,23.5
413,Disipador de Aire,18.5
414,Disipador de Aire,19.0
415,Refrigeración Líquida,24.0